timeStamp,elapsed,label,responseCode,responseMessage,threadName,success,failureMessage,bytes,sentBytes,grpThreads,allThreads,Latency,Hostname,Connect
1666776187932,575,001_Launch_Request,200,OK,Thread Group 1-2,true,,2396,449,2,2,571,fv-az378-501,110
1666776185426,575,001_Launch,200,"Number of samples in transaction : 1, number of failing samples : 0",Thread Group 1-2,true,,2396,449,2,2,571,fv-az378-501,110
1666776189164,244,001_Launch_Request,200,OK,Thread Group 1-1,true,,2358,449,2,2,244,fv-az378-501,33
1666776184436,244,001_Launch,200,"Number of samples in transaction : 1, number of failing samples : 0",Thread Group 1-1,true,,2358,449,2,2,244,fv-az378-501,33
1666776192461,210,002_Find_Flights_Request,200,OK,Thread Group 1-2,true,,2437,635,2,2,209,fv-az378-501,0
1666776188518,210,002_Find_Flights,200,"Number of samples in transaction : 1, number of failing samples : 0",Thread Group 1-2,true,,2437,635,2,2,209,fv-az378-501,0
1666776194848,219,002_Find_Flights_Request,200,OK,Thread Group 1-1,true,,2412,635,2,2,219,fv-az378-501,0
1666776189409,219,002_Find_Flights,200,"Number of samples in transaction : 1, number of failing samples : 0",Thread Group 1-1,true,,2412,635,2,2,219,fv-az378-501,0
1666776195360,354,003_Select_Flight_Request,200,OK,Thread Group 1-2,true,,2579,691,2,2,345,fv-az378-501,0
1666776192671,354,003_Select_Flight,200,"Number of samples in transaction : 1, number of failing samples : 0",Thread Group 1-2,true,,2579,691,2,2,345,fv-az378-501,0
1666776200471,216,003_Select_Flight_Request,200,OK,Thread Group 1-1,true,,2502,691,2,2,215,fv-az378-501,0
1666776195069,216,003_Select_Flight,200,"Number of samples in transaction : 1, number of failing samples : 0",Thread Group 1-1,true,,2502,691,2,2,215,fv-az378-501,0
1666776200794,206,004_Purchase_Flight_Request,200,OK,Thread Group 1-2,true,,2269,817,2,2,205,fv-az378-501,0
1666776195714,206,004_Purchase_Flight,200,"Number of samples in transaction : 1, number of failing samples : 0",Thread Group 1-2,true,,2269,817,2,2,205,fv-az378-501,0
1666776203623,217,004_Purchase_Flight_Request,200,OK,Thread Group 1-1,true,,2444,817,2,2,216,fv-az378-501,0
1666776200688,217,004_Purchase_Flight,200,"Number of samples in transaction : 1, number of failing samples : 0",Thread Group 1-1,true,,2444,817,2,2,216,fv-az378-501,0
1666776205749,287,001_Launch_Request,200,OK,Thread Group 1-1,true,,2302,449,2,2,286,fv-az378-501,0
1666776203841,287,001_Launch,200,"Number of samples in transaction : 1, number of failing samples : 0",Thread Group 1-1,true,,2302,449,2,2,286,fv-az378-501,0
1666776206364,222,001_Launch_Request,200,OK,Thread Group 1-2,true,,2177,449,2,2,221,fv-az378-501,0
1666776201001,222,001_Launch,200,"Number of samples in transaction : 1, number of failing samples : 0",Thread Group 1-2,true,,2177,449,2,2,221,fv-az378-501,0
1666776211018,224,002_Find_Flights_Request,200,OK,Thread Group 1-1,true,,2324,635,2,2,223,fv-az378-501,0
1666776206036,224,002_Find_Flights,200,"Number of samples in transaction : 1, number of failing samples : 0",Thread Group 1-1,true,,2324,635,2,2,223,fv-az378-501,0
1666776211556,203,002_Find_Flights_Request,200,OK,Thread Group 1-2,true,,2366,635,2,2,203,fv-az378-501,0
1666776206586,203,002_Find_Flights,200,"Number of samples in transaction : 1, number of failing samples : 0",Thread Group 1-2,true,,2366,635,2,2,203,fv-az378-501,0
1666776214072,239,003_Select_Flight_Request,200,OK,Thread Group 1-1,true,,2463,691,2,2,237,fv-az378-501,0
1666776211243,239,003_Select_Flight,200,"Number of samples in transaction : 1, number of failing samples : 0",Thread Group 1-1,true,,2463,691,2,2,237,fv-az378-501,0
1666776216115,217,003_Select_Flight_Request,200,OK,Thread Group 1-2,true,,2678,691,2,2,217,fv-az378-501,0
1666776211760,217,003_Select_Flight,200,"Number of samples in transaction : 1, number of failing samples : 0",Thread Group 1-2,true,,2678,691,2,2,217,fv-az378-501,0
1666776217313,263,004_Purchase_Flight_Request,200,OK,Thread Group 1-1,true,,2481,817,2,2,263,fv-az378-501,0
1666776214312,263,004_Purchase_Flight,200,"Number of samples in transaction : 1, number of failing samples : 0",Thread Group 1-1,true,,2481,817,2,2,263,fv-az378-501,0
1666776218454,210,004_Purchase_Flight_Request,200,OK,Thread Group 1-2,true,,2301,817,2,2,210,fv-az378-501,0
1666776216333,210,004_Purchase_Flight,200,"Number of samples in transaction : 1, number of failing samples : 0",Thread Group 1-2,true,,2301,817,2,2,210,fv-az378-501,0
1666776220246,207,001_Launch_Request,200,OK,Thread Group 1-1,true,,2204,449,2,2,206,fv-az378-501,0
1666776217576,207,001_Launch,200,"Number of samples in transaction : 1, number of failing samples : 0",Thread Group 1-1,true,,2204,449,2,2,206,fv-az378-501,0
1666776221868,210,002_Find_Flights_Request,200,OK,Thread Group 1-1,true,,2305,635,2,2,209,fv-az378-501,0
1666776220453,210,002_Find_Flights,200,"Number of samples in transaction : 1, number of failing samples : 0",Thread Group 1-1,true,,2305,635,2,2,209,fv-az378-501,0
1666776222887,248,001_Launch_Request,200,OK,Thread Group 1-2,true,,2282,449,2,2,247,fv-az378-501,0
1666776218666,248,001_Launch,200,"Number of samples in transaction : 1, number of failing samples : 0",Thread Group 1-2,true,,2282,449,2,2,247,fv-az378-501,0
1666776223579,223,003_Select_Flight_Request,200,OK,Thread Group 1-1,true,,2538,691,2,2,223,fv-az378-501,0
1666776222079,223,003_Select_Flight,200,"Number of samples in transaction : 1, number of failing samples : 0",Thread Group 1-1,true,,2538,691,2,2,223,fv-az378-501,0
1666776227510,212,004_Purchase_Flight_Request,200,OK,Thread Group 1-1,true,,2313,817,2,2,212,fv-az378-501,0
1666776223803,212,004_Purchase_Flight,200,"Number of samples in transaction : 1, number of failing samples : 0",Thread Group 1-1,true,,2313,817,2,2,212,fv-az378-501,0
1666776227501,298,002_Find_Flights_Request,200,OK,Thread Group 1-2,true,,2339,635,2,2,298,fv-az378-501,0
1666776223135,298,002_Find_Flights,200,"Number of samples in transaction : 1, number of failing samples : 0",Thread Group 1-2,true,,2339,635,2,2,298,fv-az378-501,0
1666776228810,228,001_Launch_Request,200,OK,Thread Group 1-1,true,,2312,449,2,2,226,fv-az378-501,0
1666776227723,228,001_Launch,200,"Number of samples in transaction : 1, number of failing samples : 0",Thread Group 1-1,true,,2312,449,2,2,226,fv-az378-501,0
1666776228993,229,003_Select_Flight_Request,200,OK,Thread Group 1-2,true,,2497,691,2,2,228,fv-az378-501,0
1666776227799,229,003_Select_Flight,200,"Number of samples in transaction : 1, number of failing samples : 0",Thread Group 1-2,true,,2497,691,2,2,228,fv-az378-501,0
1666776230368,239,002_Find_Flights_Request,200,OK,Thread Group 1-1,true,,2396,635,2,2,237,fv-az378-501,0
1666776229038,239,002_Find_Flights,200,"Number of samples in transaction : 1, number of failing samples : 0",Thread Group 1-1,true,,2396,635,2,2,237,fv-az378-501,0
1666776233062,258,003_Select_Flight_Request,200,OK,Thread Group 1-1,true,,2585,691,2,2,254,fv-az378-501,0
1666776230607,258,003_Select_Flight,200,"Number of samples in transaction : 1, number of failing samples : 0",Thread Group 1-1,true,,2585,691,2,2,254,fv-az378-501,0
1666776233302,248,004_Purchase_Flight_Request,200,OK,Thread Group 1-2,true,,2294,817,2,2,247,fv-az378-501,0
1666776229223,248,004_Purchase_Flight,200,"Number of samples in transaction : 1, number of failing samples : 0",Thread Group 1-2,true,,2294,817,2,2,247,fv-az378-501,0
1666776234605,226,004_Purchase_Flight_Request,200,OK,Thread Group 1-1,true,,2343,817,2,2,224,fv-az378-501,0
1666776233320,226,004_Purchase_Flight,200,"Number of samples in transaction : 1, number of failing samples : 0",Thread Group 1-1,true,,2343,817,2,2,224,fv-az378-501,0
1666776235415,253,001_Launch_Request,200,OK,Thread Group 1-2,true,,2179,449,2,2,253,fv-az378-501,0
1666776233550,253,001_Launch,200,"Number of samples in transaction : 1, number of failing samples : 0",Thread Group 1-2,true,,2179,449,2,2,253,fv-az378-501,0
1666776236966,201,002_Find_Flights_Request,200,OK,Thread Group 1-2,true,,2392,635,2,2,201,fv-az378-501,0
1666776235669,201,002_Find_Flights,200,"Number of samples in transaction : 1, number of failing samples : 0",Thread Group 1-2,true,,2392,635,2,2,201,fv-az378-501,0
1666776237560,231,001_Launch_Request,200,OK,Thread Group 1-1,true,,2380,449,2,2,231,fv-az378-501,0
1666776234831,231,001_Launch,200,"Number of samples in transaction : 1, number of failing samples : 0",Thread Group 1-1,true,,2380,449,2,2,231,fv-az378-501,0
1666776239882,205,002_Find_Flights_Request,200,OK,Thread Group 1-1,true,,2264,635,2,2,205,fv-az378-501,0
1666776237793,205,002_Find_Flights,200,"Number of samples in transaction : 1, number of failing samples : 0",Thread Group 1-1,true,,2264,635,2,2,205,fv-az378-501,0
1666776240483,246,003_Select_Flight_Request,200,OK,Thread Group 1-2,true,,2479,691,2,2,245,fv-az378-501,0
1666776237168,246,003_Select_Flight,200,"Number of samples in transaction : 1, number of failing samples : 0",Thread Group 1-2,true,,2479,691,2,2,245,fv-az378-501,0
1666776241136,242,003_Select_Flight_Request,200,OK,Thread Group 1-1,true,,2460,691,2,2,241,fv-az378-501,0
1666776240088,242,003_Select_Flight,200,"Number of samples in transaction : 1, number of failing samples : 0",Thread Group 1-1,true,,2460,691,2,2,241,fv-az378-501,0
1666776244393,286,004_Purchase_Flight_Request,200,OK,Thread Group 1-2,true,,2484,817,2,2,285,fv-az378-501,0
1666776240730,286,004_Purchase_Flight,200,"Number of samples in transaction : 1, number of failing samples : 0",Thread Group 1-2,true,,2484,817,2,2,285,fv-az378-501,0
1666776246380,299,004_Purchase_Flight_Request,200,OK,Thread Group 1-1,true,,2448,817,2,2,298,fv-az378-501,0
1666776241378,299,004_Purchase_Flight,200,"Number of samples in transaction : 1, number of failing samples : 0",Thread Group 1-1,true,,2448,817,2,2,298,fv-az378-501,0
1666776249008,232,001_Launch_Request,200,OK,Thread Group 1-2,true,,2292,449,2,2,232,fv-az378-501,31
1666776244679,232,001_Launch,200,"Number of samples in transaction : 1, number of failing samples : 0",Thread Group 1-2,true,,2292,449,2,2,232,fv-az378-501,31
1666776252269,239,001_Launch_Request,200,OK,Thread Group 1-1,true,,2362,449,2,2,238,fv-az378-501,21
1666776246679,239,001_Launch,200,"Number of samples in transaction : 1, number of failing samples : 0",Thread Group 1-1,true,,2362,449,2,2,238,fv-az378-501,21
1666776252688,197,002_Find_Flights_Request,200,OK,Thread Group 1-2,true,,2290,635,2,2,197,fv-az378-501,0
1666776249240,197,002_Find_Flights,200,"Number of samples in transaction : 1, number of failing samples : 0",Thread Group 1-2,true,,2290,635,2,2,197,fv-az378-501,0
1666776255384,230,002_Find_Flights_Request,200,OK,Thread Group 1-1,true,,2454,635,2,2,230,fv-az378-501,0
1666776252509,230,002_Find_Flights,200,"Number of samples in transaction : 1, number of failing samples : 0",Thread Group 1-1,true,,2454,635,2,2,230,fv-az378-501,0
1666776256882,204,003_Select_Flight_Request,200,OK,Thread Group 1-2,true,,2518,691,2,2,204,fv-az378-501,0
1666776252885,204,003_Select_Flight,200,"Number of samples in transaction : 1, number of failing samples : 0",Thread Group 1-2,true,,2518,691,2,2,204,fv-az378-501,0
1666776258632,306,004_Purchase_Flight_Request,200,OK,Thread Group 1-2,true,,2379,817,2,2,306,fv-az378-501,0
1666776257088,306,004_Purchase_Flight,200,"Number of samples in transaction : 1, number of failing samples : 0",Thread Group 1-2,true,,2379,817,2,2,306,fv-az378-501,0
1666776259753,448,003_Select_Flight_Request,200,OK,Thread Group 1-1,true,,2659,691,2,2,447,fv-az378-501,0
1666776255615,448,003_Select_Flight,200,"Number of samples in transaction : 1, number of failing samples : 0",Thread Group 1-1,true,,2659,691,2,2,447,fv-az378-501,0
1666776260941,214,001_Launch_Request,200,OK,Thread Group 1-2,true,,2354,449,2,2,214,fv-az378-501,0
1666776258938,214,001_Launch,200,"Number of samples in transaction : 1, number of failing samples : 0",Thread Group 1-2,true,,2354,449,2,2,214,fv-az378-501,0
1666776263315,287,004_Purchase_Flight_Request,200,OK,Thread Group 1-1,true,,2288,817,2,2,287,fv-az378-501,0
1666776260201,287,004_Purchase_Flight,200,"Number of samples in transaction : 1, number of failing samples : 0",Thread Group 1-1,true,,2288,817,2,2,287,fv-az378-501,0
1666776263141,476,002_Find_Flights_Request,200,OK,Thread Group 1-2,true,,2459,635,2,2,475,fv-az378-501,0
1666776261156,476,002_Find_Flights,200,"Number of samples in transaction : 1, number of failing samples : 0",Thread Group 1-2,true,,2459,635,2,2,475,fv-az378-501,0
1666776266649,263,003_Select_Flight_Request,200,OK,Thread Group 1-2,true,,2588,691,2,2,262,fv-az378-501,0
1666776263617,263,003_Select_Flight,200,"Number of samples in transaction : 1, number of failing samples : 0",Thread Group 1-2,true,,2588,691,2,2,262,fv-az378-501,0
1666776267927,309,004_Purchase_Flight_Request,200,OK,Thread Group 1-2,true,,2498,817,2,2,308,fv-az378-501,0
1666776266913,309,004_Purchase_Flight,200,"Number of samples in transaction : 1, number of failing samples : 0",Thread Group 1-2,true,,2498,817,2,2,308,fv-az378-501,0
1666776268058,258,001_Launch_Request,200,OK,Thread Group 1-1,true,,2261,449,2,2,258,fv-az378-501,0
1666776263603,258,001_Launch,200,"Number of samples in transaction : 1, number of failing samples : 0",Thread Group 1-1,true,,2261,449,2,2,258,fv-az378-501,0
1666776270308,209,001_Launch_Request,200,OK,Thread Group 1-2,true,,2265,449,2,2,208,fv-az378-501,0
1666776268236,209,001_Launch,200,"Number of samples in transaction : 1, number of failing samples : 0",Thread Group 1-2,true,,2265,449,2,2,208,fv-az378-501,0
1666776274065,223,002_Find_Flights_Request,200,OK,Thread Group 1-1,true,,2288,635,2,2,222,fv-az378-501,0
1666776268316,223,002_Find_Flights,200,"Number of samples in transaction : 1, number of failing samples : 0",Thread Group 1-1,true,,2288,635,2,2,222,fv-az378-501,0
1666776274286,538,002_Find_Flights_Request,200,OK,Thread Group 1-2,true,,2406,635,2,2,536,fv-az378-501,0
1666776270518,538,002_Find_Flights,200,"Number of samples in transaction : 1, number of failing samples : 0",Thread Group 1-2,true,,2406,635,2,2,536,fv-az378-501,0
1666776276745,276,003_Select_Flight_Request,200,OK,Thread Group 1-1,true,,2460,691,2,2,276,fv-az378-501,0
1666776274288,276,003_Select_Flight,200,"Number of samples in transaction : 1, number of failing samples : 0",Thread Group 1-1,true,,2460,691,2,2,276,fv-az378-501,0
1666776280110,318,003_Select_Flight_Request,200,OK,Thread Group 1-2,true,,2664,691,2,2,318,fv-az378-501,0
1666776274824,318,003_Select_Flight,200,"Number of samples in transaction : 1, number of failing samples : 0",Thread Group 1-2,true,,2664,691,2,2,318,fv-az378-501,0
1666776281127,212,004_Purchase_Flight_Request,200,OK,Thread Group 1-1,true,,2461,817,2,2,210,fv-az378-501,0
1666776277022,212,004_Purchase_Flight,200,"Number of samples in transaction : 1, number of failing samples : 0",Thread Group 1-1,true,,2461,817,2,2,210,fv-az378-501,0
1666776282428,206,001_Launch_Request,200,OK,Thread Group 1-1,true,,2275,449,2,2,206,fv-az378-501,0
1666776281340,206,001_Launch,200,"Number of samples in transaction : 1, number of failing samples : 0",Thread Group 1-1,true,,2275,449,2,2,206,fv-az378-501,0
1666776284471,253,004_Purchase_Flight_Request,200,OK,Thread Group 1-2,true,,2410,817,2,2,251,fv-az378-501,0
1666776280429,253,004_Purchase_Flight,200,"Number of samples in transaction : 1, number of failing samples : 0",Thread Group 1-2,true,,2410,817,2,2,251,fv-az378-501,0
1666776286937,203,002_Find_Flights_Request,200,OK,Thread Group 1-1,true,,2479,635,2,2,203,fv-az378-501,0
1666776282634,203,002_Find_Flights,200,"Number of samples in transaction : 1, number of failing samples : 0",Thread Group 1-1,true,,2479,635,2,2,203,fv-az378-501,0
1666776290222,234,001_Launch_Request,200,OK,Thread Group 1-2,true,,2351,449,2,2,234,fv-az378-501,0
1666776284724,234,001_Launch,200,"Number of samples in transaction : 1, number of failing samples : 0",Thread Group 1-2,true,,2351,449,2,2,234,fv-az378-501,0
1666776292554,283,003_Select_Flight_Request,200,OK,Thread Group 1-1,true,,2450,691,2,2,283,fv-az378-501,0
1666776287141,283,003_Select_Flight,200,"Number of samples in transaction : 1, number of failing samples : 0",Thread Group 1-1,true,,2450,691,2,2,283,fv-az378-501,0
1666776293279,264,002_Find_Flights_Request,200,OK,Thread Group 1-2,true,,2445,635,2,2,263,fv-az378-501,0
1666776290457,264,002_Find_Flights,200,"Number of samples in transaction : 1, number of failing samples : 0",Thread Group 1-2,true,,2445,635,2,2,263,fv-az378-501,0
1666776294524,382,004_Purchase_Flight_Request,200,OK,Thread Group 1-1,true,,2356,817,2,2,382,fv-az378-501,0
1666776292838,382,004_Purchase_Flight,200,"Number of samples in transaction : 1, number of failing samples : 0",Thread Group 1-1,true,,2356,817,2,2,382,fv-az378-501,0
1666776295541,326,003_Select_Flight_Request,200,OK,Thread Group 1-2,true,,2655,691,2,2,326,fv-az378-501,0
1666776293544,326,003_Select_Flight,200,"Number of samples in transaction : 1, number of failing samples : 0",Thread Group 1-2,true,,2655,691,2,2,326,fv-az378-501,0
1666776298820,204,004_Purchase_Flight_Request,200,OK,Thread Group 1-2,true,,2466,817,2,2,204,fv-az378-501,0
1666776295868,204,004_Purchase_Flight,200,"Number of samples in transaction : 1, number of failing samples : 0",Thread Group 1-2,true,,2466,817,2,2,204,fv-az378-501,0
1666776300860,213,001_Launch_Request,200,OK,Thread Group 1-1,true,,2332,449,2,2,213,fv-az378-501,0
1666776294907,213,001_Launch,200,"Number of samples in transaction : 1, number of failing samples : 0",Thread Group 1-1,true,,2332,449,2,2,213,fv-az378-501,0
1666776303915,208,001_Launch_Request,200,OK,Thread Group 1-2,true,,2168,449,2,2,208,fv-az378-501,0
1666776299024,208,001_Launch,200,"Number of samples in transaction : 1, number of failing samples : 0",Thread Group 1-2,true,,2168,449,2,2,208,fv-az378-501,0
1666776304321,206,002_Find_Flights_Request,200,OK,Thread Group 1-1,true,,2259,635,2,2,206,fv-az378-501,0
1666776301074,206,002_Find_Flights,200,"Number of samples in transaction : 1, number of failing samples : 0",Thread Group 1-1,true,,2259,635,2,2,206,fv-az378-501,0
1666776307515,210,003_Select_Flight_Request,200,OK,Thread Group 1-1,true,,2460,691,2,2,210,fv-az378-501,0
1666776304527,210,003_Select_Flight,200,"Number of samples in transaction : 1, number of failing samples : 0",Thread Group 1-1,true,,2460,691,2,2,210,fv-az378-501,0
1666776309442,227,002_Find_Flights_Request,200,OK,Thread Group 1-2,true,,2294,635,2,2,227,fv-az378-501,27
1666776304123,227,002_Find_Flights,200,"Number of samples in transaction : 1, number of failing samples : 0",Thread Group 1-2,true,,2294,635,2,2,227,fv-az378-501,27
1666776313421,239,004_Purchase_Flight_Request,200,OK,Thread Group 1-1,true,,2419,817,2,2,238,fv-az378-501,24
1666776307726,239,004_Purchase_Flight,200,"Number of samples in transaction : 1, number of failing samples : 0",Thread Group 1-1,true,,2419,817,2,2,238,fv-az378-501,24
1666776313832,235,003_Select_Flight_Request,200,OK,Thread Group 1-2,true,,2535,691,2,2,233,fv-az378-501,0
1666776309669,235,003_Select_Flight,200,"Number of samples in transaction : 1, number of failing samples : 0",Thread Group 1-2,true,,2535,691,2,2,233,fv-az378-501,0
1666776317047,286,004_Purchase_Flight_Request,200,OK,Thread Group 1-2,true,,2315,817,2,2,286,fv-az378-501,0
1666776314067,286,004_Purchase_Flight,200,"Number of samples in transaction : 1, number of failing samples : 0",Thread Group 1-2,true,,2315,817,2,2,286,fv-az378-501,0
1666776318037,210,001_Launch_Request,200,OK,Thread Group 1-1,true,,2353,449,2,2,209,fv-az378-501,0
1666776313660,210,001_Launch,200,"Number of samples in transaction : 1, number of failing samples : 0",Thread Group 1-1,true,,2353,449,2,2,209,fv-az378-501,0
1666776318541,198,001_Launch_Request,200,OK,Thread Group 1-2,true,,2305,449,2,2,198,fv-az378-501,0
1666776317333,198,001_Launch,200,"Number of samples in transaction : 1, number of failing samples : 0",Thread Group 1-2,true,,2305,449,2,2,198,fv-az378-501,0
1666776320880,225,002_Find_Flights_Request,200,OK,Thread Group 1-1,true,,2492,635,2,2,223,fv-az378-501,0
1666776318248,225,002_Find_Flights,200,"Number of samples in transaction : 1, number of failing samples : 0",Thread Group 1-1,true,,2492,635,2,2,223,fv-az378-501,0
1666776322647,231,002_Find_Flights_Request,200,OK,Thread Group 1-2,true,,2465,635,2,2,231,fv-az378-501,0
1666776318740,231,002_Find_Flights,200,"Number of samples in transaction : 1, number of failing samples : 0",Thread Group 1-2,true,,2465,635,2,2,231,fv-az378-501,0
1666776324451,437,003_Select_Flight_Request,200,OK,Thread Group 1-2,true,,2675,691,2,2,437,fv-az378-501,0
1666776322879,437,003_Select_Flight,200,"Number of samples in transaction : 1, number of failing samples : 0",Thread Group 1-2,true,,2675,691,2,2,437,fv-az378-501,0
1666776325908,218,003_Select_Flight_Request,200,OK,Thread Group 1-1,true,,2579,691,2,2,217,fv-az378-501,0
1666776321105,218,003_Select_Flight,200,"Number of samples in transaction : 1, number of failing samples : 0",Thread Group 1-1,true,,2579,691,2,2,217,fv-az378-501,0
1666776329588,207,004_Purchase_Flight_Request,200,OK,Thread Group 1-1,true,,2250,817,2,2,206,fv-az378-501,0
1666776326126,207,004_Purchase_Flight,200,"Number of samples in transaction : 1, number of failing samples : 0",Thread Group 1-1,true,,2250,817,2,2,206,fv-az378-501,0
1666776329718,214,004_Purchase_Flight_Request,200,OK,Thread Group 1-2,true,,2492,817,1,1,213,fv-az378-501,0
1666776324889,214,004_Purchase_Flight,200,"Number of samples in transaction : 1, number of failing samples : 0",Thread Group 1-2,true,,2492,817,1,1,213,fv-az378-501,0
